EntityNo,Name,Age,WorkModel,DailyRate,Department,DistanceFromHome,Education,EnvironmentSatisfaction,Gender,JobLevel,JobRole,JobSatisfaction,MaritalStatus,MonthlyIncome,NumCompaniesWorked,OverTime,PercentSalaryHike,PerformanceRating,StockOptionLevel,TotalWorkingYears,TrainingTimesLastYear,WorkLifeBalance,YearsAtCompany,YearsInCurrentRole,YearsSinceLastPromotion,YearsWithCurrManager,Attrition
7789991236,Thabo Nkosi,50,High-flex Hybrid,1246,Corporate Services,12,3,1,Male,5,Manager,2,Single,18200,1,No,11,3,1,32,2,3,32,5,10,7,No
7611429794,Nomvula Zulu,34,Remote,829,Corporate Services,45,2,3,Male,1,Human Resources,4,Single,3737,0,No,19,3,1,4,1,1,3,2,0,2,No
1816518030,Sipho Mandela,34,Remote,1146,Corporate Services,26,4,3,Female,3,Human Resources,4,Single,8837,1,Yes,16,3,0,9,2,3,9,0,1,7,No
6916750954,Lerato Mkhize,51,Remote,770,Corporate Services,20,3,3,Male,4,Manager,2,Divorced,14026,1,Yes,11,3,1,33,2,3,33,9,0,10,No
5732908061,Bongani Khumalo,35,Remote,1169,Corporate Services,8,2,2,Male,1,Human Resources,4,Divorced,4936,1,No,13,3,1,6,6,3,5,1,0,4,No
1688206824,Nandi Ndlovu,37,Remote,2600,Corporate Services,8,2,3,Male,2,Human Resources,2,Divorced,4071,2,No,13,3,0,19,4,2,10,0,4,7,No
1987175347,Jabulani Dlamini,30,Remote,1240,Corporate Services,9,3,3,Male,2,Human Resources,4,Married,6347,0,Yes,19,3,0,12,2,1,11,9,4,7,No
1967858392,Zanele Mabaso,36,Remote,1041,Corporate Services,13,3,3,Male,1,Human Resources,2,Married,2143,4,No,13,3,1,8,2,3,5,2,0,4,No
5527373821,Siya Mkhwanazi,36,Fully Remote,280,Corporate Services,1,2,3,Male,1,Human Resources,4,Divorced,2706,1,No,15,3,1,3,2,3,3,2,2,2,No
3508817436,Kgosi Modise,38,Remote,433,Corporate Services,1,3,3,Male,1,Human Resources,3,Single,2844,1,No,13,3,1,7,2,4,7,6,5,0,No
7391323446,Palesa Mokoena,59,Fully Remote,1420,Corporate Services,2,4,3,Female,5,Manager,4,Single,18844,9,No,21,4,1,30,3,3,3,2,2,2,No
1347764835,Lungile Sibanda,41,Fully Remote,552,Corporate Services,4,3,3,Male,2,Human Resources,2,Single,6430,6,No,19,3,1,10,4,3,3,2,1,2,No
8403369233,Themba Phiri,29,Fully office based,350,Corporate Services,13,3,1,Male,1,Human Resources,1,Divorced,2335,4,Yes,15,3,3,4,3,3,2,2,2,0,Yes
3977595037,Mpumelelo Mbatha,34,Fully office based,988,Corporate Services,23,3,2,Female,3,Human Resources,1,Divorced,9950,9,Yes,15,3,3,11,2,3,3,2,0,2,Yes
9200705512,Gugu Nxumalo,46,Remote,945,Corporate Services,43,2,2,Male,2,Human Resources,2,Divorced,5021,8,Yes,22,4,1,16,2,3,4,2,0,2,No
8354973395,Vuyo Ngcobo,44,Remote,528,Corporate Services,1,3,3,Female,1,Human Resources,4,Divorced,3195,4,Yes,18,3,3,8,2,3,2,2,2,2,No
9680376234,Thandiwe Sithole,55,Remote,189,Corporate Services,26,4,3,Male,5,Manager,2,Single,19636,4,Yes,18,3,1,35,0,3,10,9,1,4,No
1993822970,Dumisani Vilakazi,42,Remote,1147,Corporate Services,10,3,3,Female,4,Manager,1,Single,16799,0,No,14,3,1,21,5,3,20,7,0,9,No
5261092599,Lerato Mahlangu,38,Fully Remote,1336,Corporate Services,2,3,1,Male,1,Human Resources,2,Divorced,2592,5,No,13,3,3,13,3,3,11,10,3,8,No
3715618080,Buhle Dube,59,Remote,818,Corporate Services,6,2,2,Male,1,Human Resources,3,Married,2267,8,No,17,3,0,7,2,2,2,2,2,2,No
3555024160,Musa Buthelezi,31,Remote,1398,Corporate Services,8,2,4,Female,1,Human Resources,2,Single,2109,9,No,18,3,0,8,3,3,3,2,0,2,No
5000360849,Ayanda Mthembu,27,Fully office based,1337,Corporate Services,22,3,1,Female,1,Human Resources,2,Married,2863,1,No,12,3,0,1,2,3,1,0,0,0,Yes
4856139445,Thandeka Ncube,38,High-flex Hybrid,1444,Corporate Services,23,4,4,Male,1,Human Resources,2,Married,2991,0,Yes,11,3,1,7,2,3,6,2,1,2,No
5911324462,Andile Moyo,34,Fully office based,1107,Corporate Services,12,4,1,Female,1,Human Resources,3,Married,2742,1,No,15,3,0,2,0,3,2,2,2,2,Yes
3370970479,Nokuthula Radebe,30,Fully office based,600,Corporate Services,30,3,3,Female,1,Human Resources,4,Divorced,2180,6,No,11,3,1,6,0,2,4,2,1,2,Yes
8209228732,Sibusiso Mokoena,44,Fully office based,1376,Corporate Services,32,2,2,Male,3,Human Resources,1,Married,10482,9,No,14,3,1,24,1,3,20,6,3,6,Yes
3871325422,Zinhle Malinga,36,Remote,1278,Corporate Services,8,3,1,Male,1,Human Resources,1,Married,2342,0,No,21,4,0,6,3,3,5,4,0,3,No
3214617081,Mandla Ntuli,33,Remote,1075,Corporate Services,10,2,4,Male,1,Human Resources,2,Divorced,2277,3,Yes,11,3,1,7,4,4,4,3,0,3,No
7349346527,Noluthando Shabangu,31,Fully office based,359,Corporate Services,18,5,4,Male,1,Human Resources,1,Married,2956,0,No,17,3,0,2,4,3,1,0,0,0,Yes
9050561209,Mthokozisi Zondi,43,Remote,244,Corporate Services,2,3,2,Male,1,Human Resources,4,Single,3539,0,No,13,3,0,10,5,3,9,7,1,8,No
9136143848,Nonhlanhla Zwane,56,Remote,206,Corporate Services,8,4,4,Male,5,Manager,2,Single,19717,6,No,14,3,0,36,4,3,7,3,7,7,No
4146050831,Sello Modiba,24,High-flex Hybrid,897,Corporate Services,10,3,1,Male,1,Human Resources,4,Married,2145,0,No,14,3,1,3,2,3,2,2,2,1,No
1368421953,Lindiwe Sithole,29,Remote,352,Corporate Services,6,1,4,Male,1,Human Resources,2,Married,2804,1,No,11,3,0,1,3,3,1,0,0,0,No
8504327162,Sandile Nkosi,37,Remote,528,Corporate Services,8,4,3,Male,1,Human Resources,3,Single,4323,1,No,17,3,0,6,2,1,5,4,1,4,No
9697940037,Nompilo Mthethwa,54,Fully Remote,142,Corporate Services,26,3,4,Female,4,Manager,4,Single,17328,2,Yes,12,3,0,23,3,3,5,3,4,4,No
6636259156,Phumelele Nxumalo,33,Remote,147,Corporate Services,2,3,2,Male,1,Human Resources,3,Married,3600,1,No,13,3,1,5,2,3,5,4,1,4,No
6490834037,Sanele Khumalo,38,Remote,1355,Corporate Services,25,1,3,Female,1,Human Resources,3,Married,2942,1,No,23,4,1,8,3,3,8,7,5,7,No
1876985815,Zama Ngubane,30,Remote,330,Corporate Services,1,3,3,Male,1,Human Resources,3,Divorced,2064,0,No,21,4,1,6,3,4,5,3,1,3,No
1526780764,Nkosinathi Mabaso,42,Fully Remote,179,Corporate Services,2,5,4,Male,2,Human Resources,1,Married,6272,7,No,16,3,1,10,3,4,4,3,0,3,No
1432270931,Thulisile Mkhize,32,Fully office based,920,Corporate Services,20,2,4,Female,1,Human Resources,2,Married,2148,0,Yes,11,3,0,6,3,3,5,1,1,4,Yes
4439079126,Bhekizizwe Dlamini,47,Remote,1176,Corporate Services,26,4,4,Female,5,Manager,3,Married,19658,3,No,11,3,1,27,2,3,5,2,1,0,No
8579827313,Nokwanda Zulu,54,Remote,397,Corporate Services,19,4,3,Male,3,Human Resources,2,Married,10725,2,No,15,3,1,16,1,4,9,7,7,1,No
6382402898,Khanyisile Phiri,50,Remote,1126,ExploreEdge Bank,1,2,4,Male,4,Research Director,4,Divorced,17399,9,No,22,4,1,32,1,2,5,4,1,3,No
9854264981,Muzi Mahlangu,36,Remote,216,ExploreEdge Bank,6,2,2,Male,2,Manufacturing Director,2,Divorced,4941,6,No,20,4,2,7,0,3,3,2,0,1,No
6398914964,Nomonde Vilakazi,52,Remote,994,ExploreEdge Bank,7,4,2,Male,3,Healthcare Representative,2,Single,10445,7,No,19,3,0,18,4,3,8,6,4,0,No
8603608629,Sifiso Moyo,33,Fully office based,1277,ExploreEdge Bank,15,1,2,Male,3,Manager,3,Married,13610,7,Yes,12,3,0,15,2,4,7,6,7,7,Yes
2563469973,Lindokuhle Radebe,47,Remote,1001,ExploreEdge Bank,4,3,3,Female,3,Manufacturing Director,2,Divorced,10333,8,Yes,12,3,1,28,4,3,22,11,14,10,No
7042546822,Thandiswa Zondi,22,Remote,1230,ExploreEdge Bank,1,2,4,Male,2,Manufacturing Director,4,Married,4775,6,No,22,4,2,4,2,1,2,2,2,2,No
8113029456,Siphiwe Ndlovu,31,Fully office based,890,ExploreEdge Bank,33,4,3,Male,1,Research Scientist,3,Single,4382,6,No,17,3,0,5,3,2,2,2,2,1,Yes
9093742470,Sabelo Sibanda,40,Remote,543,ExploreEdge Bank,1,4,1,Male,1,Laboratory Technician,4,Married,2406,8,No,19,3,2,8,3,2,1,0,0,0,No
2715476137,Ayize Buthelezi,55,High-flex Hybrid,1091,ExploreEdge Bank,2,1,4,Male,3,Manufacturing Director,2,Married,10976,3,No,18,3,1,23,4,3,3,2,1,2,No
7421495936,Njabulo Mthembu,33,Fully office based,1017,ExploreEdge Bank,25,3,1,Male,1,Research Scientist,2,Single,2313,4,Yes,20,4,0,5,0,3,2,2,2,2,Yes
2933726798,Zanele Ncube,30,Remote,1138,ExploreEdge Bank,6,3,1,Female,2,Laboratory Technician,4,Married,4627,0,No,12,3,1,10,6,3,9,2,6,7,No
6408054101,Siyabonga Moyo,34,Remote,1130,ExploreEdge Bank,32,3,4,Female,2,Research Scientist,2,Divorced,5433,1,No,12,3,1,11,2,3,11,8,7,9,No
5840587391,Khethiwe Radebe,33,Remote,1276,ExploreEdge Bank,16,3,4,Male,3,Healthcare Representative,3,Married,7632,4,Yes,12,3,0,10,2,3,8,7,0,0,No
1822013411,Nkosinhle Zondi,32,Remote,977,ExploreEdge Bank,2,3,4,Male,2,Research Scientist,2,Divorced,5470,0,No,13,3,2,10,4,2,9,5,1,6,No
6959658967,Nolwazi Nkosi,23,Fully office based,289,ExploreEdge Bank,2,2,3,Male,1,Laboratory Technician,1,Single,2561,7,No,11,3,0,8,2,2,0,0,0,0,Yes
1248175848,Lindelani Mabaso,55,Remote,1229,ExploreEdge Bank,4,4,4,Male,2,Healthcare Representative,3,Married,4035,0,Yes,16,3,0,4,2,3,3,2,1,2,No
9167031842,Thobeka Malinga,30,Remote,317,ExploreEdge Bank,2,3,3,Female,2,Manufacturing Director,4,Single,6091,2,No,20,4,0,11,2,3,5,4,0,2,No
7656086860,Sibusisiwe Modiba,36,Fully office based,887,ExploreEdge Bank,50,2,3,Female,1,Research Scientist,3,Married,2366,1,Yes,14,3,1,8,2,3,8,7,1,7,Yes
1981766408,Thabiso Mkhize,23,Fully office based,1243,ExploreEdge Bank,33,3,3,Male,1,Laboratory Technician,1,Married,1601,1,Yes,21,4,2,1,2,3,0,0,0,0,Yes
8719148181,Lwandle Mahlangu,51,Remote,1169,ExploreEdge Bank,7,4,2,Male,2,Manufacturing Director,3,Married,6132,2,No,17,3,0,10,2,3,1,0,0,0,No
1469467098,Dumisile Shabangu,42,Remote,932,ExploreEdge Bank,1,2,4,Female,2,Manufacturing Director,4,Married,6062,9,Yes,13,3,1,8,4,3,4,3,0,2,No
5235184007,Mandlenkosi Zondi,37,Remote,1343,ExploreEdge Bank,27,1,3,Female,1,Research Scientist,1,Single,2559,1,No,11,3,0,6,3,2,6,5,1,1,No
9327924000,Nontokozo Nxumalo,20,Fully office based,1362,ExploreEdge Bank,10,1,4,Male,1,Research Scientist,3,Single,1009,1,Yes,11,3,0,1,5,3,1,0,1,1,Yes
3105017912,Banele Khumalo,29,Remote,942,ExploreEdge Bank,15,1,2,Female,1,Research Scientist,4,Married,2168,0,Yes,18,3,1,6,2,2,5,4,1,3,No
9469047019,Zinhlanga Ngubane,43,Remote,982,ExploreEdge Bank,12,3,1,Male,4,Research Director,2,Divorced,14336,1,No,11,3,1,25,3,3,25,10,3,9,No
8138251023,Ntokozo Mabaso,40,High-flex Hybrid,902,ExploreEdge Bank,26,2,3,Female,2,Research Scientist,4,Married,4422,3,Yes,13,3,1,16,3,1,1,1,0,0,No
1240192658,Thokozani Mkhize,29,Remote,1401,ExploreEdge Bank,6,1,2,Female,1,Laboratory Technician,4,Married,3131,1,No,13,3,1,10,5,3,10,8,0,8,No
2690076140,Zimasa Zulu,44,Fully office based,429,ExploreEdge Bank,40,2,3,Male,1,Research Scientist,2,Divorced,2342,1,Yes,12,3,3,6,2,2,5,3,2,3,Yes
9313780784,Nokukhanya Phiri,47,Remote,359,ExploreEdge Bank,2,4,1,Female,4,Research Director,3,Married,17169,3,No,19,3,2,26,2,4,20,17,5,6,No
1887628042,Sifiso Mbatha,32,High-flex Hybrid,430,ExploreEdge Bank,24,4,1,Male,2,Laboratory Technician,4,Married,5309,1,No,15,3,2,10,2,3,10,8,4,7,No
4790937281,Siphiwo Nkosi,38,Remote,362,ExploreEdge Bank,1,1,3,Female,1,Research Scientist,1,Single,2619,3,No,17,3,0,8,3,2,0,0,0,0,No
9725596356,Zethu Ndlovu,58,Fully Remote,390,ExploreEdge Bank,1,4,4,Male,2,Healthcare Representative,3,Divorced,5660,2,Yes,13,3,1,12,2,3,5,3,1,2,No
1080937577,Londiwe Mthembu,45,Remote,1448,ExploreEdge Bank,29,3,2,Male,3,Manufacturing Director,4,Married,9380,4,Yes,18,3,2,10,4,4,3,1,1,2,No
5209200626,Mandisi Dlamini,56,Remote,832,ExploreEdge Bank,9,3,3,Male,4,Healthcare Representative,4,Single,11103,7,No,11,3,0,30,1,2,10,7,1,1,No
7576294026,Nokubonga Mabaso,37,Remote,124,ExploreEdge Bank,32,3,4,Female,2,Healthcare Representative,2,Single,4107,3,No,15,3,0,8,3,2,4,3,0,1,No
6392583955,Bhekisisa Mahlangu,38,Remote,819,ExploreEdge Bank,2,3,3,Male,3,Manufacturing Director,2,Divorced,10274,2,No,18,3,1,15,2,4,7,7,6,4,No
9493385109,Noxolo Sibanda,32,Fully Remote,1109,ExploreEdge Bank,29,4,4,Female,1,Laboratory Technician,3,Single,4025,9,No,12,3,0,10,2,3,8,7,7,7,No
5972436264,Mandlenkosi Moyo,33,High-flex Hybrid,827,ExploreEdge Bank,1,4,3,Female,2,Healthcare Representative,2,Single,5488,1,Yes,13,3,1,6,2,3,6,5,1,2,No
7328265016,Ntombifuthi Radebe,38,Remote,688,ExploreEdge Bank,23,4,4,Male,2,Healthcare Representative,4,Divorced,5745,9,No,14,3,1,10,2,3,2,2,1,2,No
9023708511,Sizwe Zondi,37,High-flex Hybrid,889,ExploreEdge Bank,9,3,2,Male,1,Research Scientist,4,Single,2326,1,Yes,12,3,3,4,3,2,4,2,1,2,No
1067656823,Thobile Nxumalo,39,High-flex Hybrid,1199,ExploreEdge Bank,18,4,3,Male,2,Healthcare Representative,3,Single,5689,1,Yes,14,3,2,10,2,4,10,2,0,2,No
9306964687,Lwazi Khumalo,30,Remote,288,ExploreEdge Bank,2,3,3,Male,2,Healthcare Representative,4,Single,4152,1,No,19,3,3,11,3,3,11,10,10,8,No
9852245484,Hlengiwe Ngubane,39,Remote,412,ExploreEdge Bank,13,4,3,Female,4,Manager,2,Divorced,17123,6,Yes,13,3,2,21,4,3,19,9,15,2,No
1552224139,S'phamandla Mthembu,43,Remote,1230,ExploreEdge Bank,6,3,1,Female,5,Manager,3,Single,19392,7,No,13,3,0,21,2,3,16,12,6,14,No
6739224596,Zamokuhle Dube,27,Remote,975,ExploreEdge Bank,7,3,4,Female,2,Healthcare Representative,1,Single,6811,8,No,19,3,0,9,2,1,7,6,0,7,No
4570117950,Nomfundo Sithole,31,Remote,471,ExploreEdge Bank,4,3,1,Female,1,Laboratory Technician,3,Divorced,3978,8,No,12,3,1,4,0,2,2,2,2,2,No
5998024142,Ayize Mkhize,39,Fully office based,1122,ExploreEdge Bank,40,3,4,Male,1,Laboratory Technician,1,Single,2404,7,Yes,21,4,0,8,2,1,2,2,2,2,Yes
9247492289,Jabulile Mabaso,29,Remote,694,ExploreEdge Bank,1,3,4,Female,4,Research Director,4,Divorced,16124,3,No,14,3,2,9,2,2,7,7,1,7,No
3982998562,Bonginkosi Zulu,49,High-flex Hybrid,636,ExploreEdge Bank,10,4,3,Female,5,Research Director,1,Single,18665,9,Yes,11,3,0,22,4,3,3,2,1,2,No
7601320856,Sipho Nkosi,40,Remote,1395,ExploreEdge Bank,9,4,2,Male,2,Research Scientist,3,Single,5098,1,No,19,3,0,10,5,3,10,7,0,8,No
7363147162,Thulisile Ndlovu,42,Remote,810,ExploreEdge Bank,23,5,1,Female,4,Research Director,4,Single,15992,2,No,14,3,0,16,2,3,1,0,0,0,No
4455214284,Nandi Mthembu,31,Fully office based,561,ExploreEdge Bank,35,3,4,Female,1,Research Scientist,3,Single,4084,1,No,12,3,0,7,2,1,7,2,7,7,Yes
5564217635,Vuyokazi Dlamini,36,Remote,1425,ExploreEdge Bank,14,1,3,Male,2,Healthcare Representative,4,Single,6586,0,Yes,17,3,1,17,2,2,16,8,4,11,No
2717067696,Mthunzi Mabaso,43,Remote,1001,ExploreEdge Bank,7,3,3,Female,3,Healthcare Representative,1,Single,9985,8,No,16,3,1,10,1,2,1,0,0,0,No
6547933759,Noluntu Khumalo,41,Remote,642,ExploreEdge Bank,1,3,4,Male,1,Research Scientist,4,Married,2782,3,No,22,4,1,12,3,3,5,3,1,0,No
2577183311,Sizakele Ngcobo,31,High-flex Hybrid,1125,ExploreEdge Bank,1,3,4,Male,2,Research Scientist,1,Married,5003,1,No,21,4,0,10,6,3,10,8,8,7,No
8463830432,Dumisane Mkhize,45,High-flex Hybrid,1297,ExploreEdge Bank,1,4,2,Male,2,Healthcare Representative,3,Single,5399,4,No,12,3,0,12,3,3,4,2,0,3,No
4526557164,Nokukhanya Dube,27,Remote,1220,ExploreEdge Bank,12,3,3,Female,1,Research Scientist,2,Single,2478,1,Yes,12,3,0,4,2,2,4,3,1,2,No
2320586313,John Smith,36,High-flex Hybrid,884,ExploreEdge Bank,23,2,3,Male,2,Laboratory Technician,4,Married,2571,4,No,17,3,1,17,3,3,5,2,0,3,No
4321589038,Emily Johnson,33,Remote,267,ExploreEdge Bank,21,3,2,Male,1,Laboratory Technician,2,Married,2028,1,No,18,3,3,14,6,3,14,11,2,13,No
7314662352,Michael Williams,31,Remote,670,ExploreEdge Bank,26,1,1,Male,1,Research Scientist,3,Divorced,2911,1,No,17,3,1,5,1,2,5,2,4,3,No
4577748945,Sarah Brown,32,High-flex Hybrid,1311,ExploreEdge Bank,7,3,2,Male,1,Laboratory Technician,2,Married,2794,1,No,20,4,0,5,3,1,5,1,0,3,No
9485455059,David Jones,36,Fully Remote,217,ExploreEdge Bank,18,4,1,Male,2,Manufacturing Director,4,Single,7779,2,No,20,4,0,18,0,3,11,9,0,9,No
9537927002,Jessica Davis,29,Fully office based,805,ExploreEdge Bank,16,2,2,Female,1,Laboratory Technician,1,Single,2319,1,Yes,11,3,1,1,1,3,1,0,0,0,Yes
3322484383,James Wilson,29,Remote,1107,ExploreEdge Bank,28,4,3,Female,1,Research Scientist,4,Divorced,2514,4,No,22,4,1,11,1,3,7,5,1,7,No
9403807801,Jennifer Miller,41,Fully Remote,247,ExploreEdge Bank,7,1,2,Female,5,Research Director,3,Single,19973,1,No,22,4,2,21,3,3,21,16,5,10,No
1007465891,Robert Taylor,39,Remote,1253,ExploreEdge Bank,10,1,3,Male,3,Research Director,3,Single,13464,7,No,21,4,0,9,3,3,4,3,2,2,No
3824459126,Melissa Anderson,22,Fully office based,1294,ExploreEdge Bank,19,1,3,Female,1,Laboratory Technician,1,Married,2398,1,Yes,17,3,0,1,6,3,1,0,0,0,Yes
2822986555,William Martinez,31,Fully Remote,979,ExploreEdge Bank,1,4,3,Male,2,Manufacturing Director,3,Married,4345,0,No,12,3,1,6,2,3,5,4,1,4,No
3564532826,Lisa Thomas,42,High-flex Hybrid,532,ExploreEdge Bank,29,2,1,Female,2,Research Scientist,3,Divorced,4556,2,No,11,3,1,19,3,3,5,4,0,2,No
3564724499,Christopher Garcia,31,High-flex Hybrid,798,ExploreEdge Bank,7,2,3,Female,3,Manufacturing Director,3,Married,8943,1,No,24,4,1,10,2,3,10,9,8,9,No
5356570516,Kimberly Jackson,51,Remote,1500,ExploreEdge Bank,2,3,4,Male,2,Manufacturing Director,2,Divorced,5482,5,No,18,3,1,13,3,3,4,1,1,2,No
2651668172,Daniel White,34,High-flex Hybrid,669,ExploreEdge Bank,1,3,4,Male,2,Healthcare Representative,1,Single,5343,0,No,20,4,0,14,3,3,13,9,4,9,No
6574515180,Amanda Harris,34,Remote,1397,ExploreEdge Bank,1,5,2,Male,1,Research Scientist,4,Married,2691,1,No,12,3,1,10,4,2,10,9,8,8,No
2777811631,Matthew Lee,30,Remote,153,ExploreEdge Bank,8,2,2,Female,3,Research Director,1,Married,11416,0,Yes,12,3,3,9,4,2,8,7,1,7,No
8017907405,Laura Moore,33,High-flex Hybrid,1392,ExploreEdge Bank,17,4,4,Female,1,Research Scientist,3,Married,2909,1,Yes,11,3,0,8,3,3,8,7,3,0,No
6761993408,Brian Robinson,45,Fully Remote,248,ExploreEdge Bank,23,2,4,Male,2,Laboratory Technician,1,Married,3633,1,Yes,15,3,1,9,2,3,9,8,0,8,No
4736220859,Michelle Taylor,32,High-flex Hybrid,1005,ExploreEdge Bank,2,2,4,Male,1,Laboratory Technician,4,Single,3068,0,No,13,3,0,8,2,2,7,7,3,6,No
2950661822,Joseph Clark,19,Remote,640,ExploreEdge Bank,1,3,4,Male,1,Research Scientist,1,Single,2080,2,No,11,3,0,5,2,2,3,2,1,2,No
2775043927,Stephanie Hall,24,Remote,683,ExploreEdge Bank,2,1,1,Male,1,Research Scientist,4,Single,3904,0,No,12,3,0,5,2,3,4,3,1,1,No
1213059609,Richard Young,30,Fully office based,138,ExploreEdge Bank,22,3,1,Female,1,Research Scientist,3,Married,2132,4,Yes,11,3,0,7,2,3,5,2,0,1,Yes
5551783848,Nicole Allen,38,Remote,168,ExploreEdge Bank,1,3,3,Female,3,Manufacturing Director,3,Single,7861,4,Yes,14,3,0,10,4,4,1,0,0,0,No
8643206114,Charles King,41,Remote,1411,ExploreEdge Bank,19,2,3,Male,2,Research Scientist,1,Divorced,3072,2,No,16,3,2,17,2,2,1,0,0,0,No
6853395802,Heather Scott,51,Fully office based,1150,ExploreEdge Bank,20,4,1,Male,3,Manufacturing Director,4,Single,10650,2,No,15,3,0,18,2,3,4,2,0,3,Yes
7425766558,Anthony Baker,38,High-flex Hybrid,471,ExploreEdge Bank,12,3,1,Male,2,Healthcare Representative,1,Divorced,6288,2,No,15,3,1,13,3,2,4,3,1,2,No
2138812881,Elizabeth Nelson,53,Remote,102,ExploreEdge Bank,23,4,4,Female,4,Research Director,4,Single,14275,6,No,18,3,0,33,0,3,12,9,3,8,No
5535529536,Kevin Lewis,30,Remote,921,ExploreEdge Bank,1,3,4,Male,1,Laboratory Technician,3,Married,3833,3,No,21,4,2,7,2,3,2,2,0,2,No
2587443643,Amy Green,58,Remote,1055,ExploreEdge Bank,1,3,4,Female,5,Research Director,1,Married,19701,3,Yes,21,4,1,32,3,3,9,8,1,5,No
3926550383,Steven Adams,21,High-flex Hybrid,1096,ExploreEdge Bank,6,3,3,Male,1,Laboratory Technician,4,Married,2544,0,No,18,3,1,8,3,3,7,7,7,7,No
5877901933,Patricia Carter,39,Medium-flex Hybrid,117,ExploreEdge Bank,10,1,3,Male,4,Manager,1,Married,17068,1,Yes,14,3,0,21,3,3,21,9,11,10,No
2559130317,Thomas Martinez,56,High-flex Hybrid,1240,ExploreEdge Bank,9,3,1,Female,1,Research Scientist,3,Married,2942,2,No,19,3,1,18,4,3,5,4,0,3,No
4853059224,Jessica Wright,57,Medium-flex Hybrid,405,ExploreEdge Bank,1,2,2,Male,2,Research Scientist,3,Single,4900,0,No,24,4,1,13,2,2,12,9,2,8,No
3070049225,Mark Hill,40,Medium-flex Hybrid,804,ExploreEdge Bank,2,1,4,Female,1,Research Scientist,4,Single,2342,0,Yes,20,4,0,5,2,2,4,2,2,3,No
2622501250,Laura Walker,53,Medium-flex Hybrid,1395,ExploreEdge Bank,24,4,2,Male,3,Healthcare Representative,4,Married,7005,3,No,15,3,0,11,2,3,4,3,1,2,No
2780818115,Daniel Turner,38,High-flex Hybrid,148,ExploreEdge Bank,2,3,4,Female,1,Laboratory Technician,2,Single,2440,1,No,22,4,0,4,3,3,4,3,3,3,No
5928743001,Angela Perez,38,Medium-flex Hybrid,201,ExploreEdge Bank,10,3,2,Female,3,Research Director,3,Married,13206,3,No,12,3,1,20,3,3,18,16,1,11,No
4449046479,Paul Foster,47,Medium-flex Hybrid,1180,ExploreEdge Bank,25,3,1,Male,3,Healthcare Representative,3,Single,8633,2,No,23,4,0,25,3,3,17,14,12,11,No
7096184084,Emily Brooks,32,Fully office based,1089,ExploreEdge Bank,7,2,4,Male,2,Laboratory Technician,3,Married,4883,1,No,18,3,1,10,3,3,10,4,1,1,Yes
9221568556,Kenneth Cooper,24,Medium-flex Hybrid,819,ExploreEdge Bank,18,5,2,Male,2,Research Scientist,1,Married,5208,1,No,11,3,0,16,2,3,16,15,1,10,No
2784518695,Rachel Reed,36,High-flex Hybrid,1195,ExploreEdge Bank,11,3,2,Male,2,Manufacturing Director,2,Single,6499,1,No,13,3,0,6,3,3,6,5,0,3,No
5417412776,Ryan Murphy,49,Fully office based,1475,ExploreEdge Bank,28,2,1,Male,2,Laboratory Technician,1,Single,4284,3,No,20,4,0,20,2,3,4,3,1,3,Yes
8308673975,Kelly Hall,34,Medium-flex Hybrid,121,ExploreEdge Bank,2,4,3,Female,1,Research Scientist,1,Single,4381,1,No,11,3,0,6,3,3,6,5,1,3,No
1969019979,Joshua Richardson,39,Medium-flex Hybrid,524,ExploreEdge Bank,18,2,1,Male,2,Manufacturing Director,3,Single,4534,0,No,11,3,0,9,6,3,8,7,1,7,No
9662535584,Christina Cook,30,Fully Remote,829,ExploreEdge Bank,1,1,3,Male,3,Manufacturing Director,3,Single,8474,1,No,22,4,0,12,2,3,11,8,5,8,No
2528477392,George Martinez,32,Medium-flex Hybrid,735,ExploreEdge Bank,6,1,3,Male,1,Research Scientist,3,Married,3506,0,Yes,14,3,0,4,3,3,3,2,2,2,No
2538793805,Mary Roberts,45,Field - Force,950,ExploreEdge Bank,28,3,4,Male,1,Research Scientist,4,Married,2132,4,No,20,4,1,8,3,3,5,4,0,3,No
9347105974,Scott Edwards,56,Medium-flex Hybrid,1400,ExploreEdge Bank,7,3,4,Male,3,Manufacturing Director,4,Single,7260,4,No,11,3,0,37,3,2,6,4,0,2,No
1335636319,Michelle Howard,46,Medium-flex Hybrid,706,ExploreEdge Bank,2,2,4,Male,3,Manufacturing Director,4,Divorced,8578,3,No,14,3,1,12,4,2,9,8,4,7,No
1810535579,Andrew Bennett,42,Medium-flex Hybrid,855,ExploreEdge Bank,12,3,2,Male,1,Laboratory Technician,2,Divorced,2766,8,No,22,4,3,7,6,2,5,3,0,4,No
3349511894,Ashley Murphy,60,Medium-flex Hybrid,1880,ExploreEdge Bank,1,4,3,Male,3,Healthcare Representative,4,Divorced,10883,3,No,20,4,1,19,2,4,1,0,0,0,No
9711856500,Jason Bell,53,Fully office based,607,ExploreEdge Bank,11,5,3,Female,3,Manufacturing Director,4,Single,10169,0,No,16,3,1,34,4,3,33,7,1,9,Yes
5070020537,Megan Phillips,39,Medium-flex Hybrid,867,ExploreEdge Bank,9,2,1,Male,2,Manufacturing Director,1,Single,5151,1,No,25,4,1,10,3,3,10,0,7,9,No
5924379395,Jeffrey Foster,48,Medium-flex Hybrid,1224,ExploreEdge Bank,10,3,4,Male,5,Research Director,2,Single,19665,4,No,12,3,0,29,3,3,22,10,12,9,No
9927381166,Rebecca Turner,41,High-flex Hybrid,1200,ExploreEdge Bank,22,3,4,Female,2,Research Scientist,4,Divorced,5467,3,Yes,14,3,2,12,4,2,6,2,3,3,No
6187793405,Timothy Rodriguez,37,Fully office based,1373,ExploreEdge Bank,22,2,4,Male,1,Laboratory Technician,3,Single,2090,6,Yes,15,3,0,7,3,3,0,0,0,0,Yes
1703251341,Kimberly Mitchell,59,Medium-flex Hybrid,1324,ExploreEdge Bank,18,3,3,Female,1,Laboratory Technician,1,Married,2670,4,Yes,20,4,3,12,3,2,1,0,0,0,No
4895560173,Benjamin Rivera,45,High-flex Hybrid,1249,ExploreEdge Bank,7,3,1,Male,3,Laboratory Technician,1,Divorced,5210,1,No,18,3,1,24,2,3,24,9,9,11,No
9225258071,Nicole Perry,33,Fully office based,130,ExploreEdge Bank,25,4,4,Female,1,Research Scientist,2,Divorced,2022,1,Yes,19,3,1,10,3,2,10,2,7,8,Yes
8113779308,Jonathan Simmons,36,High-flex Hybrid,469,ExploreEdge Bank,23,3,3,Male,1,Research Scientist,2,Married,3692,1,No,12,3,0,12,2,2,11,10,0,7,No
5619590565,Jennifer Bailey,42,Medium-flex Hybrid,603,ExploreEdge Bank,7,4,2,Female,2,Research Scientist,2,Married,2372,6,Yes,16,3,0,18,2,3,1,0,0,0,No
3120480732,William Adams,43,High-flex Hybrid,422,ExploreEdge Bank,1,3,4,Female,2,Healthcare Representative,4,Married,5562,4,No,13,3,1,12,2,2,5,2,2,2,No
5803178108,Laura Foster,38,High-flex Hybrid,1391,ExploreEdge Bank,10,1,3,Male,1,Research Scientist,3,Married,2684,0,No,17,3,1,3,0,2,2,1,0,2,No
6474532389,Brian Campbell,33,Medium-flex Hybrid,516,ExploreEdge Bank,8,5,4,Male,2,Healthcare Representative,3,Single,6388,2,Yes,17,3,0,14,6,3,0,0,0,0,No
6424841141,Elizabeth Parker,43,High-flex Hybrid,1082,ExploreEdge Bank,27,3,3,Female,3,Manufacturing Director,1,Married,10820,8,No,11,3,1,18,1,3,8,7,0,1,No
1655869863,Christopher Cox,42,Medium-flex Hybrid,269,ExploreEdge Bank,2,3,4,Female,1,Laboratory Technician,1,Divorced,2593,0,Yes,11,3,1,10,4,3,9,6,7,8,No
8335559468,Jessica Young,53,Medium-flex Hybrid,1282,ExploreEdge Bank,28,3,3,Female,5,Manager,3,Divorced,19094,4,No,11,3,1,26,3,2,14,13,4,8,No
5474732900,David Watson,29,Fully office based,318,ExploreEdge Bank,22,4,2,Male,1,Laboratory Technician,1,Married,2119,1,Yes,11,3,0,7,4,2,7,7,0,7,Yes
4935346343,Melissa Miller,29,Medium-flex Hybrid,657,ExploreEdge Bank,27,3,2,Female,2,Healthcare Representative,3,Married,4335,4,No,12,3,1,11,3,2,8,7,1,1,No
9676373821,Robert Jackson,37,Medium-flex Hybrid,408,ExploreEdge Bank,19,2,2,Male,1,Research Scientist,2,Married,3022,4,No,21,4,0,8,1,3,1,0,0,0,No
7163671690,Sarah Brown,50,High-flex Hybrid,1115,ExploreEdge Bank,1,3,1,Female,5,Research Director,2,Married,18172,3,Yes,19,3,0,28,1,2,8,3,0,7,No
8188085802,John Martinez,33,High-flex Hybrid,515,ExploreEdge Bank,1,2,1,Female,3,Research Director,4,Single,13458,1,Yes,12,3,0,15,1,3,15,14,8,12,No
4809092918,Emily Davis,55,Fully Remote,444,ExploreEdge Bank,2,1,3,Male,4,Manager,1,Single,16756,7,No,15,3,0,31,3,4,9,7,6,2,No
5935376740,Michael Wilson,51,Medium-flex Hybrid,1469,ExploreEdge Bank,8,4,2,Male,3,Research Director,2,Married,12490,5,No,16,3,2,16,5,1,10,9,4,7,No
1991993212,Melissa Johnson,30,High-flex Hybrid,1312,ExploreEdge Bank,23,3,1,Male,1,Research Scientist,3,Divorced,2613,1,No,25,4,3,10,2,2,10,7,0,9,No
2077721919,James Anderson,49,Medium-flex Hybrid,1098,ExploreEdge Bank,4,2,1,Male,5,Manager,3,Married,18711,2,No,13,3,1,23,2,4,1,0,0,0,No
8370047921,Jennifer Taylor,47,High-flex Hybrid,1379,ExploreEdge Bank,16,4,3,Male,2,Manufacturing Director,3,Divorced,5067,1,Yes,19,3,0,20,3,4,19,10,2,7,No
6696393920,Daniel Moore,31,Medium-flex Hybrid,1082,ExploreEdge Bank,1,4,3,Male,1,Research Scientist,2,Single,2501,1,No,17,3,0,1,4,3,1,1,1,0,No
9930864320,Kimberly Williams,47,Medium-flex Hybrid,207,ExploreEdge Bank,9,4,2,Female,1,Laboratory Technician,3,Single,2105,4,No,12,3,0,7,2,3,2,2,2,0,No
5422975262,William Thomas,58,Medium-flex Hybrid,848,ExploreEdge Bank,23,4,1,Male,1,Research Scientist,3,Divorced,2372,1,No,12,3,2,2,3,3,2,2,2,2,No
3825773006,Amanda Harris,41,Fully office based,1360,ExploreEdge Bank,12,3,2,Female,5,Research Director,3,Married,19545,1,No,12,3,0,23,0,3,22,15,15,8,Yes
4161480181,Matthew Garcia,29,Medium-flex Hybrid,468,ExploreEdge Bank,28,4,4,Female,1,Research Scientist,1,Single,3785,1,No,14,3,0,5,3,1,5,4,0,4,No
8045163318,Laura Lee,50,Medium-flex Hybrid,1207,ExploreEdge Bank,28,1,4,Male,1,Laboratory Technician,3,Married,3221,1,Yes,11,3,3,20,3,3,20,8,3,8,No
3702218487,Brian Jackson,32,Medium-flex Hybrid,267,ExploreEdge Bank,29,4,3,Female,1,Laboratory Technician,2,Single,2837,1,No,13,3,0,6,3,3,6,2,4,1,No
1679256290,Michelle White,44,Medium-flex Hybrid,1313,ExploreEdge Bank,7,3,2,Female,5,Research Director,4,Divorced,19049,0,Yes,14,3,1,23,4,2,22,7,1,10,No
3321187145,Joseph Miller,31,Fully office based,342,ExploreEdge Bank,34,3,1,Male,1,Research Scientist,1,Married,2042,6,Yes,14,3,1,6,2,3,3,2,1,2,Yes
8720242915,Stephanie Scott,45,Medium-flex Hybrid,252,ExploreEdge Bank,2,3,2,Female,1,Research Scientist,3,Single,2274,1,No,14,3,0,1,3,3,1,0,0,0,No
9227418950,Richard King,46,High-flex Hybrid,1034,ExploreEdge Bank,18,1,1,Female,3,Healthcare Representative,3,Married,10527,5,No,11,3,0,28,3,2,2,2,1,2,No
6563943640,Nicole Hall,32,Fully office based,1366,ExploreEdge Bank,24,2,2,Male,3,Healthcare Representative,1,Single,8722,1,No,12,3,0,10,2,2,10,7,1,9,Yes
2661235187,Charles Robinson,34,Medium-flex Hybrid,181,ExploreEdge Bank,2,4,4,Male,1,Research Scientist,4,Married,2932,0,Yes,14,3,3,6,3,3,5,0,1,2,No
6150600888,Heather Martinez,55,High-flex Hybrid,135,ExploreEdge Bank,18,4,3,Male,2,Healthcare Representative,2,Married,6385,3,Yes,14,3,2,17,3,3,8,7,6,7,No
2041326859,Anthony Davis,19,Medium-flex Hybrid,265,ExploreEdge Bank,25,3,2,Female,1,Research Scientist,4,Single,2994,1,Yes,12,3,0,1,2,3,1,0,0,1,No
3082229951,Elizabeth Allen,32,Medium-flex Hybrid,427,ExploreEdge Bank,1,3,1,Male,2,Manufacturing Director,4,Married,6162,1,Yes,22,4,1,9,3,3,9,8,7,8,No
6295118896,Kevin Young,40,Fully Remote,663,ExploreEdge Bank,9,4,3,Male,2,Laboratory Technician,3,Divorced,3975,3,No,11,3,2,11,2,4,8,7,0,7,No
8042141759,Amy Baker,22,Fully office based,617,ExploreEdge Bank,50,1,2,Female,2,Manufacturing Director,3,Married,4171,0,Yes,19,3,1,4,3,4,3,2,0,2,Yes
3081893887,Steven Nelson,48,Medium-flex Hybrid,1469,ExploreEdge Bank,20,4,4,Male,1,Research Scientist,3,Married,2259,4,No,17,3,2,13,2,2,0,0,0,0,No
5553589254,Patricia Smith,45,Fully Remote,1195,ExploreEdge Bank,2,2,1,Male,4,Manager,4,Married,16792,9,No,23,4,1,22,1,3,20,8,11,8,No
5967805570,Thomas Hall,53,Medium-flex Hybrid,1070,ExploreEdge Bank,22,4,3,Male,4,Research Director,3,Married,17584,3,Yes,16,3,3,21,5,2,5,3,1,3,No
9823188178,Jessica Wilson,29,High-flex Hybrid,806,ExploreEdge Bank,1,4,2,Male,1,Research Scientist,4,Divorced,2720,1,No,18,3,1,10,5,3,10,7,2,8,No
9536116778,Mark Thompson,46,Medium-flex Hybrid,1003,ExploreEdge Bank,8,4,4,Female,2,Research Scientist,1,Divorced,4615,8,Yes,23,4,3,19,2,3,16,13,1,7,No
6993199030,Laura Adams,41,Medium-flex Hybrid,549,ExploreEdge Bank,7,2,4,Female,2,Manufacturing Director,3,Single,5003,6,No,14,3,0,8,6,3,2,2,2,1,No
4702252101,Daniel Harris,52,High-flex Hybrid,322,ExploreEdge Bank,28,2,4,Female,4,Manufacturing Director,3,Married,13247,2,Yes,11,3,1,24,3,2,5,3,0,2,No
2015388481,Angela Miller,51,High-flex Hybrid,1456,ExploreEdge Bank,1,4,1,Female,3,Healthcare Representative,1,Single,7484,3,No,20,4,0,23,1,2,13,12,12,8,No
4624849222,Paul Clark,30,Fully office based,1357,ExploreEdge Bank,25,3,1,Male,1,Laboratory Technician,3,Single,2293,1,No,12,3,0,1,2,2,1,0,0,1,Yes
1974994366,Emily Carter,38,Fully office based,1180,ExploreEdge Bank,29,1,2,Male,2,Healthcare Representative,1,Married,6673,7,Yes,19,3,0,17,2,3,1,0,0,0,Yes
4628915097,Kenneth Martinez,27,Fully office based,135,ExploreEdge Bank,17,4,4,Female,1,Research Scientist,3,Single,2394,1,Yes,13,3,0,8,2,3,8,2,7,7,Yes
4228836139,Rachel Anderson,29,Medium-flex Hybrid,1451,ExploreEdge Bank,2,1,1,Male,1,Research Scientist,2,Married,3201,0,No,17,3,0,6,2,1,5,3,0,4,No
3964986397,Ryan Johnson,24,Field - Force,1206,ExploreEdge Bank,17,1,4,Female,2,Manufacturing Director,3,Divorced,4377,1,No,15,3,2,5,6,3,4,2,3,2,No
6975000164,Kelly Lee,50,Medium-flex Hybrid,328,ExploreEdge Bank,1,3,3,Male,1,Laboratory Technician,3,Married,3690,2,No,15,3,1,5,2,2,3,2,0,2,No
1197876536,Joshua Williams,30,Fully Remote,879,ExploreEdge Bank,9,2,3,Female,2,Manufacturing Director,3,Single,4695,7,Yes,18,3,0,10,3,3,8,4,1,7,No
5027119388,Christina Taylor,30,Medium-flex Hybrid,852,ExploreEdge Bank,1,1,4,Male,2,Laboratory Technician,4,Married,5126,1,Yes,12,3,2,10,1,2,10,8,3,0,No
1491249780,George Moore,36,Fully Remote,427,ExploreEdge Bank,8,3,1,Female,3,Research Director,1,Married,11713,9,No,14,3,1,10,2,3,8,7,0,5,No
7030410842,Mary Garcia,29,Fully office based,2300,ExploreEdge Bank,10,3,4,Female,1,Research Scientist,1,Single,2404,6,Yes,20,4,0,3,5,3,0,0,0,0,Yes
9858393359,Scott Turner,50,Medium-flex Hybrid,1452,ExploreEdge Bank,11,3,3,Female,5,Manager,2,Single,19926,3,No,15,3,0,21,5,3,5,4,4,4,No
9345976112,Megan Parker,37,Medium-flex Hybrid,1017,ExploreEdge Bank,1,2,3,Female,1,Research Scientist,1,Married,3920,2,No,14,3,1,17,2,2,3,1,0,2,No
3077399699,Jeffrey Brown,38,Medium-flex Hybrid,849,ExploreEdge Bank,25,2,1,Female,3,Research Director,2,Married,12061,3,No,17,3,1,19,2,3,10,8,0,1,No
6119508300,Rebecca Davis,29,Medium-flex Hybrid,590,ExploreEdge Bank,4,3,4,Female,1,Research Scientist,1,Divorced,2109,1,No,13,3,1,1,2,3,1,0,0,0,No
6883494620,Andrew Martinez,45,Medium-flex Hybrid,549,ExploreEdge Bank,8,4,4,Male,2,Research Scientist,4,Married,3697,9,No,14,3,2,12,3,3,10,9,9,8,No
1254039357,Ashley Thompson,29,Medium-flex Hybrid,136,ExploreEdge Bank,1,3,1,Male,2,Healthcare Representative,1,Married,5373,0,No,12,3,1,6,5,2,5,3,0,2,No
7441656779,Jason Hall,42,Medium-flex Hybrid,469,ExploreEdge Bank,2,2,4,Male,4,Manager,1,Married,17665,0,No,17,3,1,23,3,3,22,6,13,7,No
5794922852,Jennifer Nelson,48,Medium-flex Hybrid,715,ExploreEdge Bank,1,3,4,Male,5,Research Director,4,Single,18265,6,No,12,3,0,25,3,4,1,0,0,0,No
1993466091,Benjamin Smith,20,Fully office based,871,ExploreEdge Bank,22,3,4,Female,1,Laboratory Technician,4,Single,2926,1,Yes,18,3,0,1,5,3,1,0,1,0,Yes
7735851204,Nicole Miller,31,Medium-flex Hybrid,1274,ExploreEdge Bank,9,1,3,Male,3,Manufacturing Director,2,Divorced,10648,1,No,25,4,1,13,6,4,13,8,0,8,No
8812730639,Jonathan Wilson,33,Medium-flex Hybrid,1476,ExploreEdge Bank,16,2,2,Male,2,Healthcare Representative,1,Single,5661,0,No,19,3,0,9,2,3,8,3,0,7,No
8466136731,Jennifer Adams,36,Medium-flex Hybrid,1351,ExploreEdge Bank,26,4,1,Male,2,Healthcare Representative,3,Single,5347,6,No,14,3,2,10,2,2,3,2,0,2,No
4573123011,William Foster,42,Medium-flex Hybrid,201,ExploreEdge Bank,1,4,2,Female,1,Laboratory Technician,1,Divorced,2576,3,No,16,3,1,8,5,3,5,2,1,2,No
3696918334,Laura Cox,30,Fully Remote,675,ExploreEdge Bank,35,2,2,Male,2,Healthcare Representative,1,Divorced,4000,1,No,12,3,2,6,2,3,6,3,1,5,No
6425306952,Brian Young,36,Fully Remote,1105,ExploreEdge Bank,24,4,2,Female,2,Laboratory Technician,2,Single,5674,7,No,15,3,1,11,3,3,9,8,0,8,No
3601532757,Elizabeth Wright,38,High-flex Hybrid,1189,ExploreEdge Bank,1,3,4,Male,2,Research Scientist,4,Single,4735,7,No,15,3,2,19,4,4,13,11,2,9,No
8753250200,Christopher Robinson,33,Medium-flex Hybrid,1198,ExploreEdge Bank,1,4,3,Male,1,Research Scientist,1,Single,2799,3,Yes,11,3,0,6,1,3,3,2,0,2,No
6843071907,Jessica Hill,45,High-flex Hybrid,1199,ExploreEdge Bank,7,4,1,Male,2,Manufacturing Director,3,Married,6434,4,No,17,3,1,9,1,3,3,2,0,2,No
7200049523,David Walker,29,Medium-flex Hybrid,1328,ExploreEdge Bank,2,3,3,Male,1,Research Scientist,2,Married,2703,0,No,23,4,1,6,3,3,5,4,0,4,No
6802206535,Melissa Bell,44,Medium-flex Hybrid,136,ExploreEdge Bank,28,3,4,Male,4,Research Director,1,Married,16328,3,No,13,3,1,24,1,4,20,6,14,17,No
1079860485,Robert Simmons,40,Medium-flex Hybrid,302,ExploreEdge Bank,6,3,2,Female,4,Manufacturing Director,3,Single,13237,7,No,15,3,0,22,3,3,20,6,5,13,No
9291399453,Sarah Cook,41,High-flex Hybrid,840,ExploreEdge Bank,9,3,1,Male,5,Research Director,3,Divorced,19419,2,No,17,3,1,21,2,4,18,16,0,11,No
3247601433,John Murphy,27,Medium-flex Hybrid,652,ExploreEdge Bank,7,3,3,Male,1,Laboratory Technician,1,Single,3578,0,No,12,3,0,8,2,3,7,7,0,7,No
6812947689,Emily Reed,45,Medium-flex Hybrid,193,ExploreEdge Bank,6,4,4,Male,3,Research Director,1,Married,13245,4,Yes,14,3,0,17,3,4,0,0,0,0,No
2074410875,Michael Turner,34,Medium-flex Hybrid,1153,ExploreEdge Bank,1,2,1,Male,2,Manufacturing Director,2,Married,4325,1,No,15,3,0,5,2,3,5,2,1,3,No
6222689415,Melissa Scott,38,High-flex Hybrid,693,ExploreEdge Bank,7,3,4,Male,1,Research Scientist,3,Divorced,2610,1,No,11,3,3,4,2,3,4,2,0,3,No
9805454415,James Parker,40,Medium-flex Hybrid,884,ExploreEdge Bank,15,3,1,Female,3,Manufacturing Director,3,Married,10435,1,No,13,3,2,18,2,3,18,15,14,12,No
9296452675,Jennifer White,26,Medium-flex Hybrid,1137,ExploreEdge Bank,21,1,4,Female,2,Healthcare Representative,4,Married,4014,1,Yes,25,4,1,10,2,1,10,6,0,7,No
6388529118,Daniel Martinez,23,Fully Remote,1476,ExploreEdge Bank,1,3,3,Female,2,Laboratory Technician,4,Married,6674,0,No,11,3,3,10,6,3,9,8,7,5,No
3518060979,Kimberly Baker,33,Fully office based,587,ExploreEdge Bank,10,1,1,Male,1,Laboratory Technician,4,Divorced,3408,7,No,13,3,3,8,2,3,4,3,1,3,Yes
3606131639,William Miller,31,Medium-flex Hybrid,1222,ExploreEdge Bank,11,4,4,Male,1,Research Scientist,4,Married,2356,3,Yes,19,3,1,8,2,3,6,4,0,2,No
7675480589,Amanda King,40,Medium-flex Hybrid,1492,ExploreEdge Bank,20,4,1,Male,3,Healthcare Representative,4,Married,10322,4,No,20,4,1,14,6,3,11,10,11,1,No
4887069012,Matthew Nelson,50,High-flex Hybrid,1421,ExploreEdge Bank,2,3,4,Female,4,Manager,1,Married,17856,2,No,22,4,1,32,3,3,2,2,2,2,No
2062347758,Laura Thompson,27,High-flex Hybrid,591,ExploreEdge Bank,2,3,4,Male,1,Research Scientist,4,Single,2580,2,No,13,3,0,6,0,2,4,2,1,2,No
7940021729,Brian Davis,19,Medium-flex Hybrid,1300,ExploreEdge Bank,17,2,3,Male,2,Laboratory Technician,1,Divorced,4558,1,No,12,3,1,10,2,3,10,0,1,8,No
7896122575,Michelle Harris,36,Medium-flex Hybrid,1383,ExploreEdge Bank,10,3,4,Male,3,Healthcare Representative,1,Married,8321,7,Yes,13,3,1,15,1,3,12,8,5,7,No
9825369846,Joseph Smith,53,Medium-flex Hybrid,447,ExploreEdge Bank,2,3,4,Male,4,Research Director,2,Single,16598,4,No,12,3,0,35,2,2,9,8,8,8,No
8510113691,Stephanie Wilson,42,Medium-flex Hybrid,1128,ExploreEdge Bank,13,3,2,Male,2,Healthcare Representative,1,Married,5538,5,No,18,3,2,10,2,2,0,0,0,0,No
4294703921,Richard Adams,37,Fully Remote,1040,ExploreEdge Bank,2,2,3,Male,2,Healthcare Representative,4,Divorced,5163,5,No,14,3,1,17,2,4,1,0,0,0,No
1171973200,Nicole Hall,43,Medium-flex Hybrid,589,ExploreEdge Bank,14,2,2,Male,4,Research Director,1,Married,17159,6,No,24,4,1,22,3,3,4,1,1,0,No
5011665892,Charles Foster,23,Medium-flex Hybrid,373,ExploreEdge Bank,1,2,4,Male,1,Research Scientist,3,Married,1223,1,No,22,4,1,1,2,3,1,0,0,1,No
1618899136,Heather Cox,52,Medium-flex Hybrid,258,ExploreEdge Bank,8,4,3,Female,1,Laboratory Technician,1,Married,2950,9,No,13,3,0,12,2,1,5,4,0,4,No
2461440135,Anthony Young,29,Medium-flex Hybrid,1010,ExploreEdge Bank,1,3,1,Female,1,Research Scientist,4,Divorced,3760,1,No,15,3,3,3,5,3,3,2,1,2,No
6983121269,Elizabeth Johnson,50,Medium-flex Hybrid,989,ExploreEdge Bank,7,2,2,Female,5,Research Director,3,Divorced,18740,5,Yes,12,3,1,29,2,2,27,3,13,8,No
8173248402,Kevin Williams,34,Medium-flex Hybrid,628,ExploreEdge Bank,8,3,2,Male,2,Laboratory Technician,3,Married,4404,2,No,12,3,0,6,3,4,4,3,1,2,No
7772225432,Amy Miller,30,Medium-flex Hybrid,201,ExploreEdge Bank,38,3,4,Female,1,Research Scientist,1,Divorced,3204,5,No,14,3,1,8,3,3,3,2,2,2,No
7608765504,Steven Taylor,27,Medium-flex Hybrid,1469,ExploreEdge Bank,1,2,4,Male,1,Laboratory Technician,2,Divorced,3816,1,No,11,3,1,5,2,3,5,2,0,4,No
8087623492,Patricia Moore,36,Medium-flex Hybrid,922,ExploreEdge Bank,13,2,1,Female,1,Laboratory Technician,4,Divorced,2835,5,No,22,4,1,7,2,3,1,0,0,0,No
3090527403,Thomas Turner,40,Field - Force,616,ExploreEdge Bank,2,2,3,Female,1,Laboratory Technician,1,Married,3377,4,No,17,3,1,7,5,2,4,3,0,2,No
4136730484,Jessica Phillips,37,Fully office based,504,ExploreEdge Bank,10,3,1,Male,3,Manufacturing Director,3,Divorced,10048,6,No,11,3,2,17,5,3,1,0,0,0,Yes
5019085578,Mark Robinson,33,Fully Remote,1313,ExploreEdge Bank,1,2,2,Male,1,Laboratory Technician,3,Divorced,2008,1,No,12,3,3,1,2,2,1,1,0,0,No
3801450370,Laura Davis,36,Medium-flex Hybrid,1299,ExploreEdge Bank,27,3,3,Male,2,Healthcare Representative,3,Married,5237,6,No,13,3,2,17,3,2,7,7,7,7,No
7289134904,Daniel Thompson,39,High-flex Hybrid,443,ExploreEdge Bank,8,1,3,Female,1,Laboratory Technician,3,Married,3755,1,No,11,3,1,8,3,3,8,3,0,7,No
2534632706,Angela King,32,Medium-flex Hybrid,1360,ExploreEdge Bank,1,3,1,Female,2,Manufacturing Director,3,Married,4898,0,No,12,3,2,5,3,3,4,2,1,2,No
1631779270,Paul Nelson,36,Medium-flex Hybrid,676,ExploreEdge Bank,1,3,3,Female,2,Manufacturing Director,2,Married,5228,0,No,15,3,1,10,2,3,9,7,0,5,No
6262721982,Emily Thompson,37,Medium-flex Hybrid,1305,ExploreEdge Bank,10,4,3,Male,2,Manufacturing Director,2,Single,4197,2,Yes,12,3,0,18,2,2,1,0,0,1,No
4601009123,Kenneth Smith,49,Medium-flex Hybrid,301,ExploreEdge Bank,22,4,1,Female,4,Research Director,2,Married,16413,3,No,16,3,2,27,2,3,4,2,1,2,No
1503591784,Rachel Hall,32,Fully Remote,1225,ExploreEdge Bank,2,4,4,Female,2,Healthcare Representative,1,Divorced,5093,2,No,11,3,1,16,2,4,1,0,0,0,No
9019079314,Ryan Adams,43,Fully office based,807,ExploreEdge Bank,17,3,3,Male,1,Research Scientist,3,Married,2437,9,Yes,16,3,1,6,4,3,1,0,0,0,Yes
4155330038,Kelly Baker,46,Medium-flex Hybrid,566,ExploreEdge Bank,7,2,4,Male,3,Manufacturing Director,3,Divorced,10845,6,No,13,3,1,13,3,3,8,7,0,7,No
8259086316,Joshua Martinez,56,Fully office based,1162,ExploreEdge Bank,24,2,1,Male,1,Laboratory Technician,4,Single,2587,1,No,16,3,0,5,3,3,4,2,1,0,Yes
5419889184,Christina Wilson,30,High-flex Hybrid,160,ExploreEdge Bank,19,3,3,Female,1,Research Scientist,3,Divorced,2083,1,No,20,4,1,1,2,3,1,0,0,0,No
4895241021,George Johnson,27,Medium-flex Hybrid,1055,ExploreEdge Bank,2,4,1,Female,2,Manufacturing Director,4,Married,4227,0,No,18,3,1,4,2,3,3,2,2,2,No
1119126143,Mary Turner,42,Medium-flex Hybrid,1396,ExploreEdge Bank,6,3,3,Male,3,Research Director,1,Married,13348,9,No,13,3,1,18,3,4,13,7,5,7,No
8212242130,Scott Davis,20,Fully office based,1097,ExploreEdge Bank,22,3,4,Female,1,Research Scientist,1,Single,2600,1,Yes,15,3,0,1,2,3,1,0,0,0,Yes
5071877825,Megan Cook,19,Fully office based,303,ExploreEdge Bank,14,3,2,Male,1,Laboratory Technician,4,Single,1102,1,No,22,4,0,1,3,2,1,0,1,0,Yes
2639741943,Jeffrey Young,42,Medium-flex Hybrid,1142,ExploreEdge Bank,8,3,4,Male,1,Laboratory Technician,3,Single,3968,4,No,13,3,0,8,3,3,0,0,0,0,No
5949128938,Rebecca Smith,30,Medium-flex Hybrid,1358,ExploreEdge Bank,24,1,4,Male,1,Laboratory Technician,3,Divorced,2693,1,No,22,4,1,1,2,3,1,0,0,0,No
2715361294,Andrew Foster,36,Medium-flex Hybrid,172,ExploreEdge Bank,4,4,1,Male,2,Laboratory Technician,4,Single,5810,1,No,16,3,0,10,2,2,10,4,1,8,No
3557172837,Ashley Cox,41,Fully office based,1085,ExploreEdge Bank,18,4,2,Female,1,Laboratory Technician,4,Divorced,2778,4,Yes,13,3,1,10,1,2,7,7,1,0,Yes
4778595783,Jason Parker,22,Fully Remote,457,ExploreEdge Bank,26,2,2,Female,1,Research Scientist,3,Married,2814,1,Yes,14,3,0,4,2,2,4,2,1,3,No
1583420997,Jennifer Miller,41,Medium-flex Hybrid,509,ExploreEdge Bank,7,2,2,Female,1,Research Scientist,3,Married,3376,1,No,13,3,0,10,3,3,10,6,0,8,No
6801177096,Benjamin Thompson,40,Medium-flex Hybrid,992,ExploreEdge Bank,1,3,4,Male,1,Laboratory Technician,1,Single,2450,1,No,19,3,0,3,3,3,3,0,1,2,No
9227694303,Nicole Phillips,47,Medium-flex Hybrid,1482,ExploreEdge Bank,20,5,4,Male,5,Research Director,3,Married,18300,4,No,11,3,1,21,2,3,3,2,1,1,No
8163965948,Jonathan Robinson,45,Medium-flex Hybrid,1320,ExploreEdge Bank,20,3,2,Male,3,Healthcare Representative,1,Divorced,10851,2,Yes,18,3,1,24,2,3,7,7,0,7,No
4810264075,Jennifer Davis,29,High-flex Hybrid,995,ExploreEdge Bank,2,1,1,Male,2,Healthcare Representative,4,Divorced,8853,1,No,19,3,1,6,0,4,6,4,1,3,No
2151917010,William King,51,Medium-flex Hybrid,833,ExploreEdge Bank,1,3,3,Male,1,Research Scientist,4,Married,2723,1,No,11,3,0,1,0,2,1,0,0,0,No
5369433731,Laura Harris,34,High-flex Hybrid,735,ExploreEdge Bank,22,4,3,Male,2,Research Scientist,4,Married,5747,1,Yes,15,3,0,16,3,3,15,10,6,11,No
3533615873,Brian Smith,38,Medium-flex Hybrid,755,ExploreEdge Bank,9,4,3,Male,2,Healthcare Representative,2,Single,6540,9,No,19,3,0,10,5,3,1,1,0,0,No
7024154526,Michelle Johnson,40,Fully office based,676,ExploreEdge Bank,19,4,4,Male,1,Laboratory Technician,1,Single,2018,3,No,14,3,0,15,3,1,5,4,1,0,Yes
6733694306,Joseph Taylor,42,High-flex Hybrid,458,ExploreEdge Bank,26,5,1,Female,3,Research Director,1,Married,13191,3,Yes,17,3,0,20,6,3,1,0,0,0,No
6817435861,Stephanie Moore,38,Medium-flex Hybrid,364,ExploreEdge Bank,20,5,4,Female,2,Research Scientist,3,Single,4317,3,Yes,20,4,0,19,2,3,3,2,2,2,No
3731604646,Richard Turner,40,Medium-flex Hybrid,329,ExploreEdge Bank,1,4,2,Male,1,Laboratory Technician,2,Single,2387,3,No,22,4,1,7,3,3,4,2,0,3,No
3484273934,Melissa Phillips,45,Medium-flex Hybrid,538,ExploreEdge Bank,1,4,1,Male,3,Healthcare Representative,2,Divorced,7441,1,No,12,3,3,10,4,3,10,8,7,7,No
7776868086,Charles Robinson,40,Medium-flex Hybrid,1194,ExploreEdge Bank,2,4,3,Female,1,Research Scientist,3,Single,2001,2,No,14,3,3,20,2,3,5,3,0,2,No
2507626866,Heather Scott,32,Medium-flex Hybrid,1018,ExploreEdge Bank,12,2,3,Female,3,Research Director,4,Single,11159,3,No,15,3,0,10,6,3,7,7,7,7,No
